title;duration;genre/0;rating;country;similar/0;similar/1;similar/2;year;genre/1;genre/2;genre/3;trailer_url1;poster_url ;trailer_url;description
Побег из Шоушенка;142;Драма;9.1;США;Зеленая миля;Форрест Гамп;Список Шиндлера;1994;Драма;;;https://www.youtube.com/watch?v=NmzuHjWmXOc;https://image.tmdb.org/t/p/original/lyQBXzOQSuE59IsHyhrp0qIiPAz.jpg;https://www.youtube.com/watch?v=NmzuHjWmXOc;Банкир несправедливо осуждён и пытается совершить дерзкий побег из тюрьмы Шоушенк.
Крёстный отец;175;Криминал;9.0;США;Крестный отец 2;Лицо со шрамом;Однажды в Америке;1972;Криминал; Драма;;https://www.youtube.com/watch?v=sY1S34973zA;https://image.tmdb.org/t/p/original/rPdtLWNsZmAtoZl9PK7S2wE3qiS.jpg;https://www.youtube.com/watch?v=sY1S34973zA;История мафиозного семейства Корлеоне, возглавляемого могущественным доном Вито Корлеоне.
Крёстный отец 2;152;Фантастика;8.9;США;Начало;Матрица;ВАЛЛИ;1974;Криминал; Драма;;Трейлер;https://image.tmdb.org/t/p/original/kGzFbGhp99zva6oZODW5atUtnqi.jpg;https://www.youtube.com/watch?v=EXeTwQWrcwY;Продолжение саги о семье Корлеоне, параллельно показывающее молодость Вито Корлеоне и судьбу Майкла.
Тёмный рыцарь;142;Драма;8.9;США;Зеленая миля;Побег из Шоушенка;Достучаться до небес;2008;Боевик; Криминал; Драма;Трейлер;https://image.tmdb.org/t/p/original/qJ2tW6WMUDux911r6m7haRef0WH.jpg;https://www.youtube.com/watch?v=bLvqoHBptjg;Бэтмен противостоит хаотичному Криминальному гению Джокеру, терроризирующему Готэм.
12 разгневанных мужчин;148;Фантастика;8.7;США;Интерстеллар;Матрица;Престиж;1957;Драма;;;Трейлер;https://image.tmdb.org/t/p/original/7sf9CgJz30aXDvrg7DYYUQ2U91T.jpg;https://www.youtube.com/watch?v=YoHD9XEInc0;Присяжные обсуждают дело об убийстве, и один человек пытается убедить остальных в невиновности подсудимого.
Список Шиндлера;136;Фантастика;8.7;США;Начало;Темный рыцарь;ВАЛЛИ;1993;Драма; Военный;;Трейлер;https://image.tmdb.org/t/p/original/c8Ass7acuOe4za6DhSattE359gr.jpg;https://www.youtube.com/watch?v=vKQi3bBA1y8;Немецкий промышленник спасает жизни сотен евреев во время Холокоста, организуя их труд на своем заводе.
Властелин колец: Возвращение короля;189;Драма;9.1;США;Побег из Шоушенка;Форрест Гамп;Список Шиндлера;2003;Фантастика; Приключения;;Трейлер;https://image.tmdb.org/t/p/original/rCzpDGLbOoPwLjy3OAm5NUPOTrC.jpg;https://www.youtube.com/watch?v=Ki4haFrqSrw;Финальная битва Средиземья: Фродо завершает миссию уничтожения Кольца Всевластья, а Армии Запада сражаются с Сауроном.
Криминальное чтиво;169;Фантастика;8.6;США;Начало;Гравитация;Марсианин;1994;Криминал; Драма; Комедия;Трейлер;https://th.bing.com/th/id/OIP.5VADuJ07apKTnqi1y4WvuQHaKh?cb=iwc1&rs=1&pid=ImgDetMain;https://www.youtube.com/watch?v=zSWdZVtXT7E;Переплетённые истории гангстеров, боксера, супругов-преступников и грабителей закусочной в стиле чёрной комедии.
Властелин колец: Братство кольца;133;Боевик;8.8;Франция;Криминальное чтиво;Достучаться до небес;Лицо со шрамом;2001;Фантастика; Приключения;;Трейлер;https://image.tmdb.org/t/p/original/56zTpe2xvaA4alU51sRWPoKPYZy.jpg;https://www.youtube.com/watch?v=aNQqoExfQsg;Хоббит Фродо и его друзья образуют Братство, чтобы начать опасное путешествие по уничтожению Кольца Всевластья.
Форрест Гамп;154;Криминал;8.6;США;Леон;Крестный отец;Лицо со шрамом;1994;Драма; Комедия;;Трейлер;https://image.tmdb.org/t/p/original/clolk7rB5lAjs41SD0Vt6IXYLMm.jpg;https://www.youtube.com/watch?v=s7EdQ4FqbhY;Добродушный и простодушный Форрест Гамп случайно становится участником важных событий американской истории, сохраняя любовь к своей детской подруге.
Бойцовский клуб;139;Триллер;8.7;США;Достучаться до небес;Реквием по мечте;Остров проклятых;1999;Драма; Триллер;;Трейлер;https://th.bing.com/th/id/R.3f0c9017e43eb7bb85be1c8195eb0c8c?rik=D1Ssh4loOODzLg&pid=ImgRaw&r=0;https://www.youtube.com/watch?v=SUXWAEX2jlg;Офисный клерк, страдающий бессонницей, и продавец мыла основывают тайный бойцовский клуб, выходящий из-под контроля.
Властелин колец: Две крепости;195;Драма;8.9;США;Пианист;Жизнь прекрасна;Побег из Собибора;2002;Фантастика; Приключения;;Трейлер;https://th.bing.com/th/id/OIP.0kHBe--FNdwHhLxPeLF4DwHaLH?cb=iwc1&rs=1&pid=ImgDetMain;https://www.youtube.com/watch?v=gG22XNhtnoY;Братство распалось, но Средиземье продолжает борьбу: люди Рохана противостоят силам Сарумана, а Фродо с Сэмом приближаются к Мордору.
Начало;201;Фантастика;8.9;США;Властелин колец: Братство кольца;Хоббит;Игра престолов;2010;Фантастика; Боевик; Триллер;Трейлер;https://th.bing.com/th/id/OIP.0kHBe--FNdwHhLxPeLF4DwHaLH?cb=iwc1&rs=1&pid=ImgDetMain;https://www.youtube.com/watch?v=r5X-hFf6Bwo;Вор, проникающий в сны, получает задание внедрить идею в подсознание наследника крупной корпорации, совершив идеальное погружение.
Звёздные войны: Эпизод V – Империя наносит ответный удар;112;Драма;8.8;Франция;Достучаться до небес;Зеленая миля;Форрест Гамп;1980;Фантастика; Приключения;;Трейлер;https://image.tmdb.org/t/p/original/7BuH8itoSrLExs2YZSsM01Qk2no.jpg;https://www.youtube.com/watch?v=34WIbmXkewU;Галактическая Империя контратакует: Люк Скайуокер обучается у Йоды, в то время как Вейдер преследует его друзей и заманивает Люка в ловушку.
Матрица;88;Мультфильм;8.8;США;Аладдин;Красавица и Чудовище;Холодное сердце;1999;Фантастика; Боевик;;Трейлер;https://image.tmdb.org/t/p/original/f89U3ADr1oiB1s9GkdPOEpXUk5H.jpg;https://www.youtube.com/watch?v=7TavVZMewpY;Хакер Нео узнаёт шокирующую правду о реальности: мир — это симуляция, управляемая машинами, и присоединяется к восстанию против них.
Славные парни;155;Боевик;8.5;США;Троя;300 спартанцев;Храброе сердце;1990;Криминал; Драма;;Трейлер;https://th.bing.com/th/id/OIP.fPJjWecxzQ8dzL5A2BAm4wAAAA?w=300&h=423&rs=1&pid=ImgDetMain;https://www.youtube.com/watch?v=owK1qxDselE;Взгляд изнутри на жизнь мафии: История взлёта и падения гангстера Генри Хилла и его друзей в преступном мире Нью-Йорка.
Пролетая над гнездом кукушки;138;Триллер;8.6;США;Семь;Молчание ягнят;Зодиак;1975;Драма;;;Трейлер;https://th.bing.com/th/id/R.f6c772d774076d7b6bdf0d0931543048?rik=1%2f2pjZjWjmhs3A&pid=ImgRaw&r=0;https://www.youtube.com/watch?v=5iaYLCiq5RM;Заключённый симулирует безумие, чтобы избежать тюрьмы, и попадает в психиатрическую клинику, где восстаёт против деспотичной медсестры.
Семь самураев;104;Криминал;8.5;Великобритания;Карты, деньги, два ствола;Револьвер;Достучаться до небес;1954;Боевик; Драма;;Трейлер;https://th.bing.com/th/id/OIP.WPvcgxMKQ8gOoZCsd2DdawHaKg?cb=iwc1&rs=1&pid=ImgDetMain;https://www.youtube.com/watch?v=Q8jbt0wBkMI;В феодальной Японии семеро самураев объединяются, чтобы защитить деревню крестьян от банды разбойников.
Семь;87;Драма;8.5;Германия;1+1;Форрест Гамп;Зеленая миля;1995;Триллер; Криминал;;Трейлер;https://th.bing.com/th/id/OIP.p2sORNmOVpU_cpanAb3PkwAAAA?cb=iwc1&rs=1&pid=ImgDetMain;https://www.youtube.com/watch?v=0zQWl1X1fNw;Два Детектива охотятся на серийного убийцу, который совершает жестокие преступления, вдохновлённые семью смертными грехами.
Эта замечательная жизнь;150;Драма;8.5;Франция;Список Шиндлера;Жизнь прекрасна;Побег из Собибора;1946;Драма; Фантастика;;Трейлер;https://th.bing.com/th/id/R.ac32dbd2baed017e24e39e2a4dcca28e?rik=bAkr8tdL%2fs805w&pid=ImgRaw&r=0;https://www.youtube.com/watch?v=BFwGqLa_oAo;Отчаявшийся мужчина получает шанс увидеть, как изменилась бы жизнь окружающих, если бы его никогда не было на свете.
Молчание ягнят;98;Мультфильм;8.4;США;Вверх;Корпорация монстров;Тачки;1991;Триллер; Криминал;;Трейлер;https://image.tmdb.org/t/p/original/rplLJ2hPcOQmkFhTqUte0MkEaO2.jpg;https://www.youtube.com/watch?v=alIq_wG9FNk;Молодая агент ФБР обращается за помощью к заключённому каннибалу-психиатру, чтобы поймать другого серийного убийцу.
Город Бога;194;Драма;8.4;США;Привидение;Запах женщины;Английский пациент;2002;Криминал; Драма;;Трейлер;https://th.bing.com/th/id/OIP.IJ0O_0vg1v-8ll-TCovDHwHaKl?cb=iwc1&rs=1&pid=ImgDetMain;https://www.youtube.com/watch?v=kVrqfYjkTdQ;Жестокая реальность бразильских фавел: два мальчика выбирают разные пути в жизни, один становится фотографом, другой — наркобароном.
Жизнь прекрасна;130;Фантастика;8.5;США;Иллюзионист;Начало;Остров проклятых;1997;Драма; Комедия; Военный;Трейлер;https://image.tmdb.org/t/p/original/74hLDKjD5aGYOotO6esUVaeISa2.jpg;https://www.youtube.com/watch?v=o4gHCmTQDVI;Во время Второй мировой войны отец, попавший с семьёй в концлагерь, с помощью воображения пытается защитить маленького сына от ужасов вокруг.
Спасти рядового Райана;118;Триллер;8.6;США;Семь;Зодиак;Остров проклятых;1998;Военный; Драма; Боевик;Трейлер;https://th.bing.com/th/id/OIP.CLODbmMOLw4xoZEItHf9EQHaKf?rs=1&pid=ImgDetMain;https://www.youtube.com/watch?v=W6Mm8Sbe__o;Во время Нормандской операции капитан Миллер ведет отряд за линию фронта, чтобы спасти единственного выжившего сына семьи Райан.
Звёздные войны: Эпизод IV – Новая надежда;93;Драма;8.7;США;Марли и я;1+1;Зеленая миля;1977;Фантастика; Приключения;;Трейлер;https://image.tmdb.org/t/p/original/6FfCtAuVAW8XJjZ7eWeLibRLWTw.jpg;https://www.youtube.com/watch?v=Ud4aLq1kGKg;Молодой Люк Скайуокер присоединяется к борьбе Повстанцев против Галактической Империи и учится использовать Силу под руководством джедая Оби-Вана.
Унесённые призраками;93;Фантастика;8.8;СССР;Операция Ы;Кавказская пленница;Бриллиантовая рука;2001;Фантастика; Приключения; Анимация;Трейлер;https://image.tmdb.org/t/p/original/ynXoOxmDHNQ4UAy0oU6avW71HVW.jpg;https://www.youtube.com/watch?v=V3g1GkWl4Wk;Десятилетняя Тихиро оказывается в загадочном мире духов и должна работать в бане для духов, чтобы спасти своих родителей и найти путь домой.
Зелёная миля;165;Вестерн;8.5;США;Омерзительная восьмерка;Однажды в Диком Западе;Хороший, плохой, злой;1999;Драма; Фантастика; Криминал;Трейлер;https://image.tmdb.org/t/p/original/velWPhVMQeQKcxggNEU8YmIo52R.jpg;https://www.youtube.com/watch?v=eUdM9vrCbow;Тюремный надзиратель на «зелёной миле» замечает чудесные способности у приговорённого к смерти заключённого Джона Коффи.
Интерстеллар;116;Драма;8.4;США;Побег из Шоушенка;Форрест Гамп;Зеленая миля;2014;Фантастика; Драма; Приключения;Трейлер;https://image.tmdb.org/t/p/original/gEU2QniE6E77NI6lCU6MxlNBvIx.jpg;https://www.youtube.com/watch?v=fa1aC6G2o2Y;В будущей умирающей Земле команда астронавтов путешествует через червоточину в поисках нового дома для человечества.
Паразиты;170;Криминал;8.3;США;Крестный отец;Криминальное чтиво;Однажды в Америке;2019;Триллер; Драма;;Трейлер;https://image.tmdb.org/t/p/original/7IiTTgloJzvGI1TAYymCfbfl3vT.jpg;https://www.youtube.com/watch?v=7pQQHnqBa2E;Бедная семья изобретательно внедряется в дом богатого семейства, но их симбиоз приводит к неожиданным и мрачным последствиям.
Леон;106;Драма;8.5;США;Рокетмен;Богемская рапсодия;Ла-Ла Ленд;1994;Триллер; Драма; Криминал;Трейлер;https://th.bing.com/th/id/OIP.8bD0B9HQHr4iyPQjxfuc1QHaLH?cb=iwc1&rs=1&pid=ImgDetMain;https://www.youtube.com/watch?v=xdJt6lLq5rY;Наёмный убийца неохотно берёт под защиту 12-летнюю соседку, чья семья убита коррумпированным агентом DEA.
Пианист;113;Фантастика;8.0;США;Матрица;Начало;Темный рыцарь;2002;Драма; Военный; Биография;Трейлер;https://image.tmdb.org/t/p/original/2hFvxCCWrTmCYwfy7yum0GKRi3Y.jpg;https://www.youtube.com/watch?v=vw61gCe2oqI;История выживания польско-еврейского пианиста во время Второй мировой войны в оккупированной нацистами Варшаве.
Король Лев;130;Детектив;8.0;США;Убийство в Восточном экспрессе;Окно во двор;Достать ножи: Стеклянная луковица;1994;Анимация; Драма; Приключения;Трейлер;https://th.bing.com/th/id/R.92fc32f7e7073ca23b2cd32df599692b?rik=Lkf8b9ntukGT9Q&pid=ImgRaw&r=0;https://www.youtube.com/watch?v=qGqiHJTsRkQ;Левёнок Симба проходит путь от беспечного детства до осознания своего предназначения, чтобы занять место короля саванны.
Подозрительные лица;132;Триллер;8.6;Южная Корея;Старикам тут не место;Достать ножи;Остров проклятых;1995;Триллер; Криминал;;Трейлер;https://image.tmdb.org/t/p/original/bUPmtQzrRhzqYySeiMpv7GurAfm.jpg;https://www.youtube.com/watch?v=SEUXfv87Wpk;Полиция допрашивает искалеченного мошенника, пытаясь понять, как прошла кровавая разборка на корабле и кем является таинственный Кайзер Созе.
Терминатор 2: Судный день;122;Триллер;8.4;США;Таксист;Реквием по мечте;Остров проклятых;1991;Фантастика; Боевик;;Трейлер;https://image.tmdb.org/t/p/original/5M0j0B18abtBI5gi2RhfjjurTqb.jpg;https://www.youtube.com/watch?v=zAGVQLHvwOY;Перепрограммированный терминатор отправлен из будущего, чтобы защитить юного Джона Коннора от усовершенствованного убийцы-робота.
Назад в будущее;162;Фантастика;8.0;США;Аватар: Путь воды;Звездные войны;Дюна;1985;Фантастика; Комедия; Приключения;Трейлер;https://image.tmdb.org/t/p/original/7lyBcpYB0Qt8gYhXYaEZUNlNQAv.jpg;https://www.youtube.com/watch?v=5PSNL1qE6VY;Подросток Марти Макфлай случайно отправляется на машине времени в 1955 год, где встречает своих будущих родителей и рискует изменить своё собственное будущее.
Американская История X;155;Фантастика;8.0;США;Аватар;Звездные войны;Интерстеллар;1998;Драма; Криминал;;Трейлер;https://image.tmdb.org/t/p/original/c2gsmSQ2Cqv8zosqKOCwRS0GFBS.jpg;https://www.youtube.com/watch?v=n9xhJrPXop4;Неонацист, выйдя из тюрьмы, пытается уберечь младшего брата от той же судьбы и разорвать круг расовой ненависти.
Новые времена;124;Фантастика;8.7;США;Звездные войны: Новая надежда;Аватар;Дюна;1936;Комедия;;;Трейлер;https://th.bing.com/th/id/OIP.sFlUF04pdMlXZBiV17Tm8gHaJy?rs=1&pid=ImgDetMain;https://www.youtube.com/watch?v=JNwNXF9Y6kY;Знаменитый Бродяга Чарли Чаплина пытается выжить в индустриальном обществе, сталкиваясь с трудностями на фабрике и вне её.
Психо;116;Фантастика;8.5;США;Назад в будущее 2;Индиана Джонс;Охотники за привидениями;1960;Ужасы; Триллер;;Трейлер;https://image.tmdb.org/t/p/original/81d8oyEFgj7FlxJqSDXWr8JH8kV.jpg;https://www.youtube.com/watch?v=qvsgGtivCgs;Молодая женщина скрывается в уединённом мотеле, которым управляет странный Норман Бейтс, привязанный к своей таинственной матери.
Гладиатор;115;Боевик;8.4;США;Назад в будущее;Лара Крофт: Расхитительница гробниц;Пираты Карибского моря;2000;Драма; Боевик;;Трейлер;https://image.tmdb.org/t/p/original/ty8TGRuvJLPUmAR1H1nRIsgwvim.jpg;https://www.youtube.com/watch?v=XkkzKHCx154;Римский генерал Максимус становится гладиатором-рабом и стремится отомстить императору за гибель своей семьи и восстановление справедливости.
Огни большого города;143;Фантастика;8.0;США;Индиана Джонс;Лара Крофт;Назад в будущее;1931;Комедия; Драма;;Трейлер;https://th.bing.com/th/id/R.9db9c0b5b03cb2da6403aa5723037986?rik=igDI5FfCZ93t6A&pid=ImgRaw&r=0;https://www.youtube.com/watch?v=naQr0uTrH_s;Бродяга Чарли влюбляется в слепую цветочницу и, добывая деньги на её операцию, заводит дружбу с миллионером, который трезвым его не узнаёт.
Отступники;130;Фантастика;8.1;Великобритания;Властелин колец;Хроники Нарнии;Игра престолов;2006;Криминал; Триллер;;Трейлер;https://th.bing.com/th/id/OIP.60pDyj_bjSdHRhtCwAuBBQHaK1?cb=iwc1&rs=1&pid=ImgDetMain;https://www.youtube.com/watch?v=mObK5XD8udk;Трое очень разных полицейских расследуют убийство в голливудском кафе, постепенно раскрывая глубокую паутину коррупции и скандалов в Лос-Анджелесе.
1+1;178;Фантастика;8.8;США;Властелин колец: Две крепости;Хоббит;Игра престолов;2011;Драма; Комедия; Биография;Трейлер;https://th.bing.com/th/id/OIP.nSbFWZ5k6sWfJLkHfTDlzAHaK4?cb=iwc1&rs=1&pid=ImgDetMain;https://www.youtube.com/watch?v=aStYWD25fAQ;Парализованный аристократ нанимает в помощники молодого жителя предместья, и неожиданная дружба меняет их жизни.
Одержимость;169;Фантастика;7.8;США;Властелин колец;Хроники Нарнии;Игра престолов;2014;Драма; Музыка;;Трейлер;https://image.tmdb.org/t/p/original/oPxnRhyAIzJKGUEdSiwTJQBa3NM.jpg;https://www.youtube.com/watch?v=SDnYMbYB-nU;Амбициозный барабанщик элитной консерватории сталкивается с беспощадным преподавателем, требующим от студентов безупречного совершенства.
Престиж;57;Фантастика;9.2;США;Властелин колец;Викинги;Ведьмак;2006;Триллер; Драма;;Трейлер;https://media.themoviedb.org/t/p/w440_and_h660_face/oYdJJf8Fu0LioUjDAFn2oNUkCAb.jpg;https://www.youtube.com/watch?v=gcTkNV5Vg1E;Соперничество двух иллюзионистов викторианской эпохи приобретает опасный характер, когда они одержимо стремятся превзойти друг друга в мастерстве фокусов.
Однажды на Диком Западе;88;Детектив;9.1;Великобритания;Шерлок Холмс;Убийство в Восточном экспрессе;Достать ножи;1968;Вестерн;;;Трейлер;https://kinozoom.pw/uploads/posts/2018-07/medium/1532436899_376.jpg;https://www.youtube.com/watch?v=xK7S9mrFWL4;Таинственный стрелок с гармоникой объединяется с прославленным бандитом, чтобы защитить вдову от безжалостного киллера железнодорожного магната.
Могила светлячков;45;Драма;8.7;США;Шерлок;Теория большого взрыва;Клиника;1988;Драма; Военный; Анимация;Трейлер;https://avatars.mds.yandex.net/get-kinopoisk-image/1629390/82fcca01-b6c3-4289-b2d6-320fc5e90c10/3840x;https://www.youtube.com/watch?v=KXYiU_JCYtU;В последние дни Второй мировой войны японский подросток и его младшая сестра пытаются выжить после бомбёжки, оставшись без родителей.
Касабланка;49;Триллер;9.5;США;Лучше звоните Солу;Наркос;Клан Сопрано;1942;Драма;Мелодрама; Военный;Трейлер;https://image.tmdb.org/t/p/original/5K7cOHoay2mZusSLezBOY0Qxh8a.jpg;https://www.youtube.com/watch?v=HhesaQXLuRY;Во времена Второй мировой войны владелец ночного клуба в Касабланке сталкивается с бывшей возлюбленной и должен выбрать между любовью и долгом.
Новый кинотеатр “Парадизо”;23;Мультфильм;9.1;США;Футурама;Симпсоны;Гравити Фолз;1988;Драма;;;Трейлер;https://image.tmdb.org/t/p/original/8SRUfRUi6x4O68n0VCbDNRa6iGL.jpg;https://www.youtube.com/watch?v=E8cXKMRg1vo;Известный режиссёр вспоминает своё детство в сицилийском городке, дружбу с киномехаником местного кинотеатра и первую любовь.
Окно во двор;55;Триллер;9.2;США;Во все тяжкие;Лучше звоните Солу;Крестный отец;1954;Триллер; Детектив;;Трейлер;https://image.tmdb.org/t/p/original/qitnZcLP7C9DLRuPpmvZ7GiEjJN.jpg;https://www.youtube.com/watch?v=wrNTOoQK1U0;Прикованный к инвалидному креслу фотограф подглядывает за соседями из окна и убеждается, что стал свидетелем убийства.
Чужой;22;Комедия;8.9;США;Теория большого взрыва;Как я встретил вашу маму;Офис;1979;Ужасы; Фантастика;;Трейлер;https://thaka.bing.com/th/id/OIP.7b4GOAQJZtdgt1140oGI6wHaLR?rs=1&pid=ImgDetMain;https://www.youtube.com/watch?v=hDNNmeeJs1Q;Экипаж космического корабля вступает в смертельную схватку с кровожадным инопланетным существом, проникшим на борт.
Апокалипсис сегодня;22;Комедия;8.1;США;Друзья;Как я встретил вашу маму;Офис;1979;Военный; Драма;;Трейлер;https://image.tmdb.org/t/p/original/gQB8Y5RCMkv2zwzFHbUJX3kAhvA.jpg;https://www.youtube.com/watch?v=W2cV0aG1f1I;Во время войны во Вьетнаме капитан отправляется вглубь джунглей с миссией устранить сумасшедшего полковника, возглавившего собственный культ.
Помни;22;Комедия;8.3;США;Друзья;Теория большого взрыва;Офис;2000;Триллер; Детектив;;Трейлер;https://thaka.bing.com/th/id/OIP.m2d1-UVeIWLos-tGjq_tpwHaJ4?rs=1&pid=ImgDetMain;https://www.youtube.com/watch?v=cyVzjoj96vs;Мужчина с потерей кратковременной памяти пытается отомстить за убийство жены, используя татуировки и фотографии в качестве напоминаний.
Индиана Джонс: В поисках утраченного ковчега;22;Комедия;8.9;США;Друзья;Теория большого взрыва;Как я встретил вашу маму;1981;Приключения; Боевик;;Трейлер;https://thaka.bing.com/th/id/OIP.27SGso8592Kqrrb6R7UqHwAAAA?rs=1&pid=ImgDetMain;https://www.youtube.com/watch?v=Vmb1tqYqyII;Археолог и авантюрист Индиана Джонс соревнуется с нацистами в поисках библейского Ковчега Завета, обладающего невероятной силой.
Великий диктатор;60;Фантастика;8.8;Великобритания;Любовь, смерть и роботы;Рассказ служанки;Мистер Робот;1940;Комедия;;;Трейлер;https://thaka.bing.com/th/id/OIP.AiQXvt37pUinKgMkXIPr0gHaLH?rs=1&pid=ImgDetMain;https://www.youtube.com/watch?v=jDiYGjp5iFg;Парикмахер-еврей, двойник диктатора Томании, случайно занимает его место и получает шанс выступить с призывом к человечности.
Джанго освобожденный;15;Мультфильм;8.4;США;Черное зеркало;Аниматрица;Рик и Морти;2012;Вестерн; Боевик; Драма;Трейлер;https://image.tmdb.org/t/p/original/2oZklIzUbvZXXzIFzv7Hi68d6xf.jpg;https://www.youtube.com/watch?v=wUFwunMKa4E;Освобождённый раб Джанго вместе с охотником за головами спасает свою жену из лап безжалостного владельца плантации на Юге США.
Жизнь других;60;Фантастика;8.2;США;Игра престолов;Властелин колец;Хоббит;2006;Триллер; Драма;;Трейлер;https://thaka.bing.com/th/id/OIP.AiQXvt37pUinKgMkXIPr0gHaLH?rs=1&pid=ImgDetMain;https://www.youtube.com/watch?v=ndl1W4ltcmg;Офицер штази в ГДР наблюдает за Драматургом и его возлюбленной, но постепенно проникается их жизнью и начинает сомневаться в своей миссии.
Тропы славы;44;Драма;8.5;Ирландия;Игра престолов;Последнее королевство;Черные паруса;1957;Военный; Драма;;Трейлер;https://www.kinonews.ru/insimgs/poster/poster36296_8.jpg;https://www.youtube.com/watch?v=9GgxinPwAGc;Во время Первой мировой войны французский полковник защищает в суде своих солдат, отказавшихся идти в самоубийственную атаку.
ВАЛЛ-И;55;Триллер;9.0;США;Убийство;Шерлок;Острые козырьки;2008;Анимация; Приключения; Фантастика;Трейлер;https://thaka.bing.com/th/id/OIP.6qFUpJQg8WRHJNKiwiyasQHaLH?rs=1&pid=ImgDetMain;https://www.youtube.com/watch?v=Txj4z7L0tUo;Последний робот-уборщик на покинутой Земле отправляется в космос вслед за поисковым дроном ЕВА, чтобы вернуть человечеству надежду.
Сияние;60;Криминал;8.8;Великобритания;Во все тяжкие;Клан Сопрано;Подпольная империя;1980;Ужасы; Триллер;;Трейлер;https://image.tmdb.org/t/p/original/7WsyChQLEftFiDOVTGkv3hFpyyt.jpg;https://www.youtube.com/watch?v=JwXfVGjSz-4;Писатель вместе с семьёй заезжает на зиму в пустой отель, где сверхъестественные силы постепенно сводят его с ума и ставят под угрозу близких.
Мстители: Война бесконечности;49;Биография;8.8;США;Во все тяжкие;Лучше звоните Солу;Клан Сопрано;2018;Боевик; Фантастика;;Трейлер;https://thaka.bing.com/th/id/OIP.Vw7xveNNH_QVzkln7SAiewHaLa?rs=1&pid=ImgDetMain;https://www.youtube.com/watch?v=xl8zdCY-abw;Могущественный Танос собирает Камни Бесконечности, пока Мстители и их союзники со всего мира объединяются, чтобы предотвратить уничтожение половины Вселенной.
Бульвар Сансет;46;Криминал;9.0;США;Во все тяжкие;Наркос;Клан Сопрано;1950;Драма; триллер;;Трейлер;https://www.film.ru/sites/default/files/movies/posters/Sunset-Blvd-5.jpg;https://www.youtube.com/watch?v=HN4oydykJFc;Молодой сценарист становится любовником забытой звезды немого кино, чья грёзная оторванность от реальности ведёт к трагическим последствиям.
Свидетель обвинения;150;Криминал;7.9;Россия;Бумер;Жмурки;Брат;1957;Детектив; Драма;;Трейлер;https://thaka.bing.com/th/id/OIP.96wRBG8cCgrk5naMhAuV1AHaLH?rs=1&pid=ImgDetMain;https://www.youtube.com/watch?v=1z1U6UjGg5Y;Опытный адвокат с плохим здоровьем берётся защитить в суде мужчину, обвиняемого в убийстве богатой вдовы, несмотря на улики и загадочного свидетеля обвинения.
Олдбой;100;Криминал;8.3;Россия;Брат 2;Бригада;Жмурки;2003;Триллер; Боевик; Драма;Трейлер;https://thaka.bing.com/th/id/OIP.7mLy5By2VFNwWQxKCuRXMwHaKj?rs=1&pid=ImgDetMain;https://www.youtube.com/watch?v=1z1U6UjGg5Y;Человек, неожиданно освобождённый после 15 лет заточения, стремится выяснить причины своего похищения и отомстить загадочному мучителю.
Принцесса Мононоке;127;Криминал;8.2;Россия;Брат;Бригада;Жмурки;1997;Фантастика; Приключения; Анимация;Трейлер;https://th.bing.com/th/id/OIP.I-irt6RGbYQ-FsKFDvlUFgHaKv?rs=1&pid=ImgDetMain;https://www.youtube.com/watch?v=1z1U6UjGg5Y;Юноша, поражённый смертельным проклятьем, отправляется на Запад и оказывается втянутым в конфликт между жителями Железного Города и духами леса.
Доктор Стрейнджлав;110;Криминал;7.7;Россия;Бригада;Бумер;Особенности национальной охоты;1964;Приключения;;Боевик;Трейлер;https://th.bing.com/th/id/OIP.-foUhWSWS8GAFZDbKapmdwHaLN?rs=1&pid=ImgDetMain;https://www.youtube.com/watch?v=1z1U6UjGg5Y;
Джокер;94;Комедия;7.9;Россия;День выборов;Операция Ы;Иван Васильевич меняет профессию;2019;Драма; Триллер; Криминал;Трейлер;https://image.tmdb.org/t/p/original/n6bUvigpRFqSwmPp1m2YADdbRBc.jpg;https://www.youtube.com/watch?v=1z1U6UjGg5Y;Психически нестабильный комик Артур Флек, живущий в Готэме, постепенно превращается в культового преступника по прозвищу Джокер.
Тёмный рыцарь: Возрождение легенды;105;Комедия;7.7;Россия;Особенности национальной охоты;Что творят мужчины;Ёлки;2012;Боевик; Триллер;;Трейлер;https://image.tmdb.org/t/p/original/vzvKcPQ4o7TjWeGIn0aGC9FeVNu.jpg;https://www.youtube.com/watch?v=example1;Через восемь лет после событий с Джокером Бэтмен возвращается, чтобы противостоять новому опасному врагу — таинственному террористу Бэйну, угрожающему Готэму.
Чужие;105;Комедия;6.9;Россия;Ёлки 2;День выборов;Любовь в большом городе;1986;Фантастика; Боевик; Ужасы;Трейлер;https://image.tmdb.org/t/p/original/kYd1ZMWvG9K2Jeop3XWXcTpJ2dB.jpg;https://www.youtube.com/watch?v=example2;Единственная выжившая после столкновения с чужим присоединяется к отряду морпехов, чтобы вернуться на колонию, потерявшую связь, и сразиться с ордой ксеноморфов.
Мстители: Финал;107;Комедия;8.1;СССР;Служебный роман;Ирония судьбы;Москва слезам не верит;2019;Боевик; Фантастика;;Трейлер;https://image.tmdb.org/t/p/original/ulzhLuWrPK07P1YkdWQLZnQh1JL.jpg;https://www.youtube.com/watch?v=example3;Выжившие Мстители и их союзники собираются вместе через пять лет после щелчка Таноса, чтобы отменить разрушения и вернуть исчезнувшую половину жизни во Вселенной.
Красота по-американски;184;МелоДрама;8.1;СССР;Служебный роман;Москва слезам не верит;Любовь и голуби;1999;Драма;;;Трейлер;https://image.tmdb.org/t/p/original/wby9315QzVKdW9BonAefg8jGTTb.jpg;https://www.youtube.com/watch?v=example4;Средневозрастный мужчина переживает кризис: меняет жизнь, бунтуя против рутины, влюбляется в подругу дочери и обретает новое чувство свободы.
Храброе сердце;150;МелоДрама;8.2;СССР;Служебный роман;Ирония судьбы;Любовь и голуби;1995;Драма; Военный; История;Трейлер;https://image.tmdb.org/t/p/original/or1gBugydmjToAEq7OZY0owwFk.jpg;https://www.youtube.com/watch?v=example5;В XIII веке шотландец Уильям Уоллес поднимает народное восстание против английского правления, стремясь к свободе своей родины.
История игрушек 3;159;МелоДрама;8.4;СССР;Ирония судьбы;Москва слезам не верит;Любовь и голуби;2010;Анимация; Приключения; Комедия;Трейлер;https://th.bing.com/th/id/OIP.HEcIjiB7PPE-IeZMOgBQjAHaK-?rs=1&pid=ImgDetMain;https://www.youtube.com/watch?v=example6;Вуди, Базз и остальные игрушки случайно попадают в детский сад после того, как их хозяин Энди собирается уехать в колледж, и планируют побег домой.
Тайна Коко;90;Комедия;8.5;СССР;Кавказская пленница;Бриллиантовая рука;Иван Васильевич меняет профессию;2017;Анимация; Приключения;;Трейлер;https://image.tmdb.org/t/p/original/eKi8dIrr8voobbaGzDpe8w0PVbC.jpg;https://www.youtube.com/watch?v=example7;Мальчик Мигель, мечтающий стать Музыкантом, случайно попадает в Мир Мёртвых, где раскрывает тайны своей семьи и находит благословение предков.
Бесславные ублюдки;82;Комедия;8.5;СССР;Бриллиантовая рука;Операция Ы;Иван Васильевич меняет профессию;2009;Военный; Драма; Приключения;Трейлер;https://image.tmdb.org/t/p/original/7sfbEnaARXDDhKm0CZ7D7uc2sbo.jpg;https://www.youtube.com/watch?v=example8;Во Франции времён Второй мировой войны американский отряд «Ублюдков» и юная француженка-подпольщица независимо друг от друга планируют убийство нацистских лидеров.
Бешеные псы;94;Комедия;8.7;СССР;Кавказская пленница;Операция Ы;Иван Васильевич меняет профессию;1992;Криминал; Комедия;;Трейлер;https://th.bing.com/th/id/OIP.UpzR0QYwNHNbJRdcDdqFBQHaKX?rs=1&pid=ImgDetMain;https://www.youtube.com/watch?v=example9;После неудачного ограбления бриллиантов преступники собираются на складе и начинают подозревать, что среди них затаился полицейский информатор.
Космическая одиссея 2001 года;84;Комедия;8.5;СССР;Бриллиантовая рука;Операция Ы;Кавказская пленница;1968;Фантастика;;;Трейлер;https://image.tmdb.org/t/p/original/ve72VxNqjGM69Uky4WTo2bK6rfq.jpg;https://www.youtube.com/watch?v=example10;Эпическое исследование эволюции и разума: с момента появления человечества до космической экспедиции на Юпитер с сверхразумным компьютером на борту.
Реквием по мечте;92;Драма;8.8;СССР;Они сражались за Родину;А зори здесь тихие;Летят журавли;2000;Драма;;;Трейлер;https://th.bing.com/th/id/R.c6f8ea602fd1a0abc562292376c1b522?rik=nRraNHYiROV99g&pid=ImgRaw&r=0;https://www.youtube.com/watch?v=example11;Четыре человека в Бруклине преследуют свои мечты, но пагубная зависимость от наркотиков приводит их жизни к трагическим последствиям.
Головокружение;152;Драма;8.4;СССР;В бой идут одни старики;А зори здесь тихие;Летят журавли;1958;Триллер; Детектив;;Трейлер;https://papik.pro/grafic/uploads/posts/2023-04/1680757356_papik-pro-p-poster-golovokruzhenie-29.jpg;https://www.youtube.com/watch?v=example12;Отставной Детектив с боязнью высоты соглашается следить за загадочной женой знакомого, но его наваждение по ней превращается в опасную одержимость.
Амадей;160;Драма;8.4;СССР;В бой идут одни старики;Они сражались за Родину;Летят журавли;1984;Драма; Биография; Музыка;Трейлер;https://th.bing.com/th/id/OIP.6tU6RsfY8SyNwtOaxwEKSAHaKf?rs=1&pid=ImgDetMain;https://www.youtube.com/watch?v=example13;Придворный композитор Антонио Сальери завидует гению молодого Вольфганга Амадея Моцарта и строит интриги, чувствуя свою причастность к его гибели.
Таксист;97;Драма;8.3;СССР;В бой идут одни старики;Они сражались за Родину;А зори здесь тихие;1976;Драма; Криминал;;Трейлер;https://image.tmdb.org/t/p/original/ekstpH614fwDX8DUln1a2Opz0N8.jpg;https://www.youtube.com/watch?v=example14;Одинокий ветеран, работая таксистом в ночном Нью-Йорке, постепенно сходит с ума от окружающей грязи и насилия и решает взять правосудие в свои руки.
Лоуренс Аравийский;183;Драма;8.4;СССР;Хатико;Марли и я;1+1;1962;Драма; История; Приключения;Трейлер;https://th.bing.com/th/id/OIP.wcJIWYssNU9DkagdEDajDQHaLb?rs=1&pid=ImgDetMain;https://www.youtube.com/watch?v=example15;Британский офицер Т. Э. Лоуренс объединяет арабские племена в борьбе против Османской империи во время Первой мировой войны, становясь легендой пустыни.
Двойная страховка;163;Фантастика;8.1;СССР;Солярис;Андрей Рублев;Зеркало;1944;Детектив; триллер;;Трейлер;https://th.bing.com/th/id/OIP.kJ66DTsIez4aZd32wlsXHwHaKN?rs=1&pid=ImgDetMain;https://www.youtube.com/watch?v=example16;Страховой агент вступает в опасный заговор с роковой женщиной, планируя убийство её мужа ради страховки, но подозрения начальника мешают их плану.
Цельнометаллическая оболочка;167;Фантастика;8.1;СССР;Сталкер;Андрей Рублев;Зеркало;1987;Военный; Драма;;Трейлер;https://th.bing.com/th/id/OIP.Qt09Y6KE9hqRK6BworuhSQHaKl?rs=1&pid=ImgDetMain;https://www.youtube.com/watch?v=example17;Новобранцы морской пехоты проходят суровую подготовку под командованием жестокого сержанта, а затем сталкиваются с ужасами войны во Вьетнаме.
Поющие под дождём;205;Драма;8.1;СССР;Сталкер;Солярис;Зеркало;1952;мюзикл; Комедия;;Трейлер;https://image.tmdb.org/t/p/original/62plaLItfJDXKcLUJdOQ35wASms.jpg;https://www.youtube.com/watch?v=example18;Голливуд конца 1920-х: актёры немого кино осваивают новые звуковые фильмы. Весёлая История о любви, танцах и превращении кинематографа.
Похитители велосипедов;107;Драма;8.2;СССР;Сталкер;Солярис;Андрей Рублев;1948;Драма;;;Трейлер;https://th.bing.com/th/id/R.2d7a792626f36fa90f72ed6bdf041b92?rik=7jTPp51z%2fYMYlg&riu=http%3a%2f%2fretromovie.ru%2fsites%2fdefault%2ffiles%2fimage%2fbicycle-thieves-1948%2fposter%2fltUzFmdXUXhdAYos71KPIH6vdBJ.jpg&ehk=6u3cY%2bslpKSVPnolFrJ647SLoG4gId6%2fBUT5N2WeAwo%3d&risl=&pid=ImgRaw&r=0;https://www.youtube.com/watch?v=example19;Безработный итальянец, наконец получив работу, теряет свой необходимый для работы велосипед и вместе с сыном отчаянно обыскивает Рим в поисках украденного.
Афера;93;Комедия;8.1;СССР;Мимино;Кавказская пленница;Бриллиантовая рука;1973;Криминал; Комедия;;Трейлер;https://th.bing.com/th/id/OIP.o8Yezg6AfKmrMttuZCbWtAHaLG?rs=1&pid=ImgDetMain;https://www.youtube.com/watch?v=example20;Два жулика в Чикаго 1930-х разрабатывают сложный план мести гангстеру, виновному в смерти их друга, проворачивая грандиозную аферу.
Лицо со шрамом;96;Комедия;8.2;СССР;Не горюй!;Кавказская пленница;Бриллиантовая рука;1983;Криминал; Драма;;Трейлер;https://th.bing.com/th/id/OIP.eUOII0F_N-xBHoQSN9M7lQHaKX?rs=1&pid=ImgDetMain;https://www.youtube.com/watch?v=example21;Кубинский эмигрант Тони Монтана поднимается на вершину наркобизнеса Майами, но его насильственный характер и паранойя приводят к неизбежному падению.
Вверх;135;Фантастика;8.2;СССР;Сталкер;Солярис;Через тернии к звездам;2009;Анимация; Приключения;;Трейлер;https://image.tmdb.org/t/p/original/rmnQ9jKW72bHu8uKlMjPIb2VLMI.jpg;https://www.youtube.com/watch?v=example22;78-летний вдовец привязывает к своему дому тысячи воздушных шаров, чтобы улететь в Южную Америку, случайно взяв с собой любопытного 8-летнего скаута Рассела.
Развод Надера и Симин;148;Фантастика;7.6;СССР;Кин-дза-дза!;Сталкер;Солярис;2011;Драма;;;Трейлер;https://th.bing.com/th/id/OIP.A0NbVtqwYq2OypBvox7fzAAAAA?rs=1&pid=ImgDetMain;https://www.youtube.com/watch?v=example23;Иранская супружеская пара переживает болезненный развод: жена хочет уехать за границу, а муж остаётся ради больного отца, что приводит к конфликтам и суду.
Крепкий орешек;64;Фантастика;8.3;СССР;Приключения Электроника;Лиловый шар;Через тернии к звездам;1988;Боевик; Триллер;;Трейлер;https://th.bing.com/th/id/OIP.NOnB34nE2kq7NtUjR5yxjAHaLH?cb=iwc1&rs=1&pid=ImgDetMain;https://www.youtube.com/watch?v=example24;Одинокий полицейский Джон Макклейн вступает в неравную схватку с группой террористов, захвативших небоскрёб во время рождественского праздника.
Схватка;65;Фантастика;8.3;СССР;Гостья из будущего;Лиловый шар;Через тернии к звездам;1995;Криминал; Драма; Боевик;Трейлер;https://thumbs.filmix.ac/posters/5500/orig/shvatka-1995_2078.jpg;https://www.youtube.com/watch?v=example25;Опытный Детектив из Лос-Анджелеса противостоит профессиональному грабителю, планируя его последнее крупное ограбление, на фоне взаимного уважения врагов.
Большой куш;83;Фантастика;7.4;СССР;Гостья из будущего;Приключения Электроника;Через тернии к звездам;2000;Криминал; Комедия;;Трейлер;https://image.tmdb.org/t/p/original/56mOJth6DJ6JhgoE2jtpilVqJO.jpg;https://www.youtube.com/watch?v=example26;Несколько эксцентричных групп Криминальных элементов пересекаются в Лондоне вокруг пропавшего бриллианта и подпольного боксёрского боя.
Волк с Уолл-стрит;169;Фантастика;8.6;США;Гравитация;Марсианин;Контакт;2013;Драма; Комедия; Криминал;Трейлер;https://image.tmdb.org/t/p/original/pWHf4khOloNVfCxscsXFj3jj6gP.jpg;https://www.youtube.com/watch?v=example27;Биржевой брокер Джордан Белфорт взмывает к вершинам богатства с помощью мошеннических схем и тонет в мире излишеств, пока ФБР не приходит за ним.
Жить;144;Фантастика;8.0;США;Интерстеллар;Гравитация;Аполлон 13;1952;Драма;;;Трейлер;https://avatars.mds.yandex.net/get-kinopoisk-image/1900788/01eba97a-2743-49f4-a9e8-51c5590bef9a/800x800;https://www.youtube.com/watch?v=example28;Узнав о смертельной болезни, пожилой токийский чиновник переосмысливает свою жизнь и пытается сделать что-то значимое, построив детскую площадку.
Дангал;91;Фантастика;7.7;США;Интерстеллар;Марсианин;Солярис;2016;Драма; спорт; Биография;Трейлер;https://th.bing.com/th/id/R.8e17012755ad9f5f670127dfb6d9bbd8?rik=cTqxFe4oCi2Qhg&pid=ImgRaw&r=0;https://www.youtube.com/watch?v=example29;Отец-борец обучает своих дочерей бороться, преодолевая социальные стереотипы, чтобы они стали первыми женщинами-чемпионками по борьбе в Индии.
Три идиота;195;Романтика;7.8;США;Воспоминания о будущем;Дневник памяти;Авиатор;2009;Комедия; Драма;;Трейлер;https://th.bing.com/th/id/OIP.frRi7gAaIql0BnFBndTjPQHaKt?cb=iwc1&rs=1&pid=ImgDetMain;https://www.youtube.com/watch?v=example30;Трое друзей учатся в индийском инженерном колледже, противостоя строгой системе образования и следуя за мечтами, дружбой и любовью.
Лабиринт Фавна;123;Романтика;7.8;США;Титаник;Спеши любить;Виноваты звезды;2006;Фантастика; Драма;;Трейлер;https://image.tmdb.org/t/p/original/uDgy6hyPd82kOHh6I95FLtLnj6p.jpg;https://www.youtube.com/watch?v=example31;В фашистской Испании 1944 года юная Офелия погружается в мрачный фантазийный мир фауна, выполняя три опасных задания, чтобы спастись от жестокой реальности.
Остров проклятых;128;Детектив;7.6;Великобритания;Шерлок;Элементарно;Мистер Холмс;2010;Триллер; Детектив;;Трейлер;https://image.tmdb.org/t/p/original/kve20tXwUZpu4GUX8l6X7Z4jmL6.jpg;https://www.youtube.com/watch?v=example32;Маршал США расследует исчезновение пациентки из клиники для душевнобольных преступников на острове, сталкиваясь с мрачными тайнами и собственными кошмарами.
Отец;90;Детектив;9.1;США;Шерлок Холмс;Элементарно;Кардинал;2020;Драма;;;Трейлер;https://th.bing.com/th/id/OIP.Mg8WjwHamzZhWNYn_7TiWQHaKl?rs=1&pid=ImgDetMain;https://www.youtube.com/watch?v=example33;Пожилой мужчина, страдающий деменцией, пытается сохранить чувство реальности, в то время как его дочь ищет для него сиделку и сталкивается с его упрямством.
Гражданин Кейн;126;Экшн;7.9;США;Кек алушылар;Капитан Америка;Мстители;1941;Драма; Детектив;;Трейлер;https://th.bing.com/th/id/OIP.nkLmxhzitNNYKlEKMz9kxAHaLH?rs=1&pid=ImgDetMain;https://www.youtube.com/watch?v=8ugaeA-nMTc;Репортёр расследует тайну последнего слова медийного магната Чарльза Фостера Кейна — «Rosebud», погружаясь в историю его жизни и взлёта.
Человек-паук: Через вселенные;143;Экшн;8.0;США;Железный человек;Капитан Америка;Тор;2018;Анимация; Приключения;;Трейлер;https://image.tmdb.org/t/p/original/iiZZdoQBEYBv6id8su7ImL0oCbD.jpg;https://www.youtube.com/watch?v=eOrNdBpGMv8;Подросток Майлз Моралес становится Человеком-пауком своего мира и объединяется с другими Пауками из разных вселенных, чтобы остановить угрозу мультивселенной.
Шоу Трумана;124;Экшн;6.9;США;Железный человек;Чёрная вдова;Первый мститель: Противостояние;1998;Драма;;;Трейлер;https://th.bing.com/th/id/OIP.AJrftLBHqOVENodIsX1hNwHaKm?rs=1&pid=ImgDetMain;https://www.youtube.com/watch?v=1pHDWnXmK7Y;Мужчина по имени Труман, не подозревая, что живёт внутри гигантского телевизионного шоу, начинает замечать странности и пытается вырваться из искусственного мира.
Бункер;136;Фантастика;8.7;США;Интерстеллар;Начало;Эквилибриум;2004;Драма; Военный; История;Трейлер;https://th.bing.com/th/id/R.5cdcc79dee43b5606171b074e7c061d9?rik=07%2f7joSqq%2fpjwg&riu=http%3a%2f%2fwww.kino-teatr.ru%2fmovie%2fposter%2f102236%2f67156.jpg&ehk=6erDH3StMA8AyTbv%2bTNF6MPFEBB5olDdjkAk3iyZNu4%3d&risl=&pid=ImgRaw&r=0;https://www.youtube.com/watch?v=vKQi3bBA1y8;Последние дни Адольфа Гитлера и Третьего рейха в бункере под Берлином в апреле 1945 года, показанные глазами его секретаря и ближайшего окружения.
Сталкер;148;Фантастика;8.8;США;Матрица;Интерстеллар;Остров проклятых;1979;Фантастика; Драма;;Трейлер;https://th.bing.com/th/id/OIP.p2WnGXc8LZDiWkjQuBArkQHaJE?rs=1&pid=ImgDetMain;https://www.youtube.com/watch?v=YoHD9XEInc0;Проводник по прозвищу «Сталкер» ведёт писателя и учёного через загадочную Зону к комнате, которая исполняет самые сокровенные желания посетителей.
Расёмон;102;Анимация;7.4;США;Моана;Рапунцель;Зверопой;1950;Драма; Детектив;;Трейлер;https://th.bing.com/th/id/OIP.BLqt-ja2v9PDHKu6CW071wHaKl?rs=1&pid=ImgDetMain;https://www.youtube.com/watch?v=TbQm5doF_Uc;Четыре свидетеля по-разному рассказывают о нападении на самурая и изнасиловании его жены, поднимая вопросы относительности истины и восприятия.
В джазе только девушки;107;Анимация;7.6;США;Холодное сердце;Рапунцель;Ваана;1959;Комедия;;;Трейлер;https://tvbesedka.com/Upload/2018/12/20/2/0/3/ab54862a-9e79-46af-ab44-71978883f5f1.jpg;https://www.youtube.com/watch?v=LKFuXETZUsI;Два Музыканта, случайно ставшие свидетелями гангстерской разборки, переодеваются женщинами и присоединяются к женскому джаз-бэнду, скрываясь от мафии.
Охота;100;Анимация;7.7;США;Моана;Холодное сердце;Золушка;2012;Драма; Триллер;;Трейлер;https://th.bing.com/th/id/OIP.MHzlOHzcbU9RtOuTw5pi-wHaKy?rs=1&pid=ImgDetMain;https://www.youtube.com/watch?v=pyOyBVXDJ9Q;Учитель детского сада становится жертвой массовой истерии в маленьком городке, когда его ошибочно обвиняют в неподобающих действиях с ребёнком.
1917;90;Анимация;7.9;США;Шрек 2;Кунг-фу Панда;Мадагаскар;2019;Военный; Драма;;Трейлер;https://image.tmdb.org/t/p/original/iZf0KyrE25z1sage4SYFLCCrMi9.jpg;https://www.youtube.com/watch?v=CwXOrWvPBPk;Во время Первой мировой войны два британских солдата получают почти невыполнимый приказ — пересечь вражескую территорию, чтобы доставить сообщение и спасти 1600 человек от гибели.
Бен-Гур;93;Анимация;7.2;США;Шрек;Кунг-фу Панда;Мадагаскар;1959;Приключения; Драма;;Трейлер;https://th.bing.com/th/id/R.d5ec945c18c77356b1f70a2a5ca7de07?rik=w8jT93EbJEgULg&pid=ImgRaw&r=0;https://www.youtube.com/watch?v=V6X5ti4YlG8;Еврейский аристократ Иуда Бен-Гур переживает предательство лучшего друга-римлянина, годы рабства на галерах и возвращается, чтобы отомстить в зрелищной гонке колесниц.
Нечто;92;Анимация;7.6;США;Шрек;Мадагаскар;Как приручить дракона;1982;Ужасы; Фантастика;;Трейлер;https://image.tmdb.org/t/p/original/tzGY49kseSE9QAKk47uuDGwnSCu.jpg;https://www.youtube.com/watch?v=PXi3Mv6KMzY;На антарктической станции группа учёных сталкивается с инопланетным паразитом, способным принимать облик своих жертв, что сеет паранойю и страх.
Старикам тут не место;86;Анимация;6.9;США;Кунг-фу Панда;Шрек;Ледниковый период;2007;Триллер; Криминал;;Трейлер;https://image.tmdb.org/t/p/original/6d5XOczc226jECq0LIX0siKtgHR.jpg;https://www.youtube.com/watch?v=hdcTmpvDO0I;Техасец случайно находит чемодан с деньгами на месте перестрелки наркоторговцев, после чего за ним начинает охоту безжалостный убийца с уникальными принципами.
История игрушек;121;Фантастика;8.6;США;Звёздные войны: Эпизод V – Империя наносит ответный удар;Начало;Стражи Галактики;1995;Анимация; Приключения;;Трейлер;https://th.bing.com/th/id/OIP.6ZZ8Qj21YPFL20Yp63yWFQHaLE?rs=1&pid=ImgDetMain;https://www.youtube.com/watch?v=vZ734NWnAHA;Любимые игрушки мальчика Энди, ковбой Вуди и космический рейнджер Базз, соперничают за внимание хозяина, но вскоре становятся верными друзьями в совместных Приключениях.
Бэтмен: Начало;124;Фантастика;8.7;США;Звёздные войны: Эпизод IV – Новая надежда;Интерстеллар;Стражи Галактики;2005;Боевик; Фантастика;;Трейлер;https://image.tmdb.org/t/p/original/1P3ZyEq02wcTMd3iE4ebtLvncvH.jpg;https://www.youtube.com/watch?v=JNwNXF9Y6kY;Молодой Брюс Уэйн преодолевает страхи прошлого и проходит обучение у таинственного Рас аль Гула, чтобы вернуться в Готэм и стать маскимстителем Бэтменом.
Хатико: Самый верный друг;152;Экшн;9.0;США;Бэтмен: Начало;Джокер;Тёмный рыцарь;2009;Драма; Приключения;;Трейлер;https://th.bing.com/th/id/R.581fc61b941b9761e275640255292656?rik=vuTh3u9s5oOc5w&pid=ImgRaw&r=0;https://www.youtube.com/watch?v=EXeTwQWrcwY;Удивительная реальная История пса Хатико, который на протяжении многих лет ежедневно приходил на вокзал встречать умершего хозяина, демонстрируя невероятную верность.
Квартира;164;Экшн;8.4;США;Бэтмен;Джокер;Тёмный рыцарь;1960;Драма; Комедия;Мелодрама;Трейлер;https://static.kinoafisha.info/k/movie_posters/1080x1920/upload/movie_posters/1/3/3/5679331/60c57970678ec01a9b49632c64a4b55d.jpeg;https://www.youtube.com/watch?v=g8evyE9TuYk;Молодой служащий сдаёт ключи от своей квартиры боссам для свиданий, надеясь на повышение, но ситуация осложняется, когда он влюбляется в лифтёршу, любовницу своего начальника.
Иван Васильевич меняет профессию;122;Драма;8.4;США;Бэтмен;Таксист;Тёмный рыцарь;1973;Комедия; Фантастика;;Трейлер;https://www.kartina.tv/storage/contents/16481/ivan-vasilevic-meniaet-professiiu.jpg;https://www.youtube.com/watch?v=zAGVQLHvwOY;Эксперимент учёного оборачивается хаосом: царь Иван Грозный перемещается в квартиру 1970-х годов, а управляющий советским домом — в царские хоромы XVI века.
Китайский квартал;114;Драма;8.2;США;Джокер;Однажды в Голливуде;Бойцовский клуб;1974;Детектив; триллер;;Трейлер;https://th.bing.com/th/id/OIP.FApUR60g_FzYiBmViKKehwHaJr?rs=1&pid=ImgDetMain;https://www.youtube.com/watch?v=UUxD4-dEzn0;Частный Детектив Джейк Гиттес расследует дело о супружеской измене, но обнаруживает опасный заговор вокруг водоснабжения Лос-Анджелеса, втягивающий его в семейные тайны.
Бешеный бык;161;Драма;7.6;США;Таксист;Криминальное чтиво;;1980;Драма; Биография; спорт;Трейлер;https://image.tmdb.org/t/p/original/rEviyDWNbAFmvvCPlkMRPAGUElG.jpg;https://www.youtube.com/watch?v=ELeMaP8EPAA;История взлёта и падения боксёра Джейка Ламотты: его ярость на ринге приносит ему титулы, но ревность и агрессия разрушают его личную жизнь.
Большой побег;154;Криминал;8.9;США;Бешеные псы;Славные парни;Большой куш;1963;Военный; Драма;;Трейлер;https://avatars.mds.yandex.net/get-kinopoisk-image/1900788/6f682c83-6afd-49b1-95cd-247c15bb1933/3840x;https://www.youtube.com/watch?v=s7EdQ4FqbhY;Военнопленные союзники разрабатывают дерзкий план массового побега из нацистского лагеря во время Второй мировой войны, рыв сеть туннелей под лагерем.
Амели;119;Анимация;7.9;США;Головоломка;Вверх;Корпорация монстров;2001;романтика; Комедия;;Трейлер;https://th.bing.com/th/id/OIP.GIjYSHHEzyizOM2rCcbJZAHaLK?rs=1&pid=ImgDetMain;https://www.youtube.com/watch?v=4WaU7x8tqfM;Застенчивая мечтательница Амели Пулен решает посвятить себя тому, чтобы приносить радость другим, незаметно вмешиваясь в жизни окружающих, и неожиданно находит любовь.
Мой сосед Тоторо;99;Криминал;8.3;США;Бэмби;Лис и охотничий пёс 2;Леди и Бродяга;1988;Анимация; Фантастика;;Трейлер;https://image.tmdb.org/t/p/original/rtGDOeG9LzoerkDGZF9dnVeLppL.jpg;https://www.youtube.com/watch?v=example22;Две сестры переезжают в деревню и знакомятся с волшебными лесными духами, среди которых дружелюбный пушистый великан по имени Тоторо, помогающий им в трудный период.
Монти Пайтон и Священный Грааль;162;Фантастика;7.9;США;Аватар: Путь воды;Марс?а сапар;Грань будущего;1975;Комедия; Приключения;;Трейлер;https://th.bing.com/th/id/OIP.m5wAoUYqabZZqsLqM3WQewHaLH?rs=1&pid=ImgDetMain;https://www.youtube.com/watch?v=5PSNL1qE6VY;Абсурдная пародия на легенду о короле Артуре: рыцари Круглого стола отправляются на поиски Святого Грааля, сталкиваясь с нелепыми препятствиями и злым кроликом.
Подводная лодка;192;Фантастика;7.6;США;Аватар;Интерстеллар;Грань будущего;1981;Военный; Драма;;Трейлер;https://avatars.mds.yandex.net/get-kinopoisk-image/1777765/e4db5735-df2e-445d-9503-e8c26f40fb33/3840x;https://www.youtube.com/watch?v=d9MyW72ELq0;Экипаж немецкой подводной лодки U-96 переживает тяготы и ужас морской войны, находясь в постоянной опасности и борясь за выживание в Атлантике 1941 года.
Однажды в Америке;142;Драма;8.8;США;Зелёная миля;Жизнь прекрасна;В погоне за счастьем;1984;Криминал; Драма;;Трейлер;https://avatars.mds.yandex.net/get-kinopoisk-image/6201401/036c38aa-541d-4cfe-90d3-698e24ac06b4/3840x;https://www.youtube.com/watch?v=bLvqoHBptjg;Эпопея о жизни еврейских гангстеров в Нью-Йорке: их дружбе с детства, восхождении в Криминальном мире 1920-30-х и горьких воспоминаниях спустя десятилетия.
Нефть;189;Драма;8.6;США;Форрест Гамп;Побег из Шоушенка;;2007;Драма;;;Трейлер;https://avatars.mds.yandex.net/get-kinopoisk-image/1900788/b35bda60-a0cb-453f-9839-6b8bb27696db/3840x;https://www.youtube.com/watch?v=Ki4haFrqSrw;Амбициозный нефтяник Дэниел Плейнвью развивает промысел в Калифорнии начала XX века, богатея и вступая в конфликт с харизматичным проповедником.
Третий человек;127;Драма;9.3;США;Зелёная миля;Форрест Гамп;;1949;Детектив; триллер;;Трейлер;https://avatars.mds.yandex.net/get-kinopoisk-image/6201401/ee1d0b94-b7aa-42d9-ae67-9393a455251b/3840x;https://www.youtube.com/watch?v=NmzuHjWmXOc;Американский писатель приезжает в послевоенную Вену и расследует таинственную смерть друга, погружаясь в мрачный мир чёрного рынка и загадочной фигуры по прозвищу Гарри Лайм.
Унесённые ветром;116;Драма;8.6;Италия;Форрест Гамп;Жизнь Пи;Список Шиндлера;1939;Драма; Романтика; История;Трейлер;https://avatars.mds.yandex.net/get-kinopoisk-image/6201401/dd8af9f9-1a24-4737-9853-ead47fbf5584/3840x;https://www.youtube.com/watch?v=pAYEQP8gx3w;Южная красавица Скарлетт О'Хара переживает любовь, войну и лишения во время Гражданской войны и Реконструкции, не теряя своей гордости и силы духа.
Золотая лихорадка;127;Фантастика;7.9;США;Жизнь прекрасна;Аватар;Корабль-призрак;1925;Комедия; Приключения;;Трейлер;https://avatars.mds.yandex.net/get-kinopoisk-image/1600647/e043c597-88fa-4f22-a13c-2e1be8b566d7/3840x;https://www.youtube.com/watch?v=mZEZ35Fhvuc;Бродяга Чарли отправляется на поиски золота на Аляске, попадает в снежную бурю, питается ботинком, встречает любовь и переживает множество комических испытаний.
Бегущий по лезвию;118;Триллер;8.6;США;Семь;Тёмный рыцарь;Красный дракон;1982;Фантастика; Триллер;;Трейлер;https://image.tmdb.org/t/p/original/vfzE3pjE5G7G7kcZWrA3fnbZo7V.jpg;https://www.youtube.com/watch?v=example7;В мрачном Лос-Анджелесе будущего охотник за андроидами Рик Декард вынужден выследить сбежавших репликантов, одновременно задаваясь вопросами о собственной человечности.
Седьмая печать;127;Триллер;8.6;США;Молчание ягнят;Зодиак;;1957;Драма; Фантастика;;Трейлер;https://image.tmdb.org/t/p/original/1E5baAaEse26fej7uHcjOgEE2t2.jpg;https://www.youtube.com/watch?v=znmZoVkCjpI;Средневековый рыцарь, вернувшийся с крестового похода, играет в шахматы со Смертью, пытаясь оттянуть свой конец и найти ответы о вере и жизни.
Непрощённый;157;Триллер;7.7;США;Семь;Тёмный рыцарь;Молчание ягнят;1992;Вестерн; Драма;;Трейлер;https://th.bing.com/th/id/OIP.HCEbpY19Is3DBsjvB9QRyAHaKw?rs=1&pid=ImgDetMain;https://www.youtube.com/watch?v=Y0UwpC2d3gE;Постаревший наёмный убийца Вильям Мани берётся за последнее дело ради денег, объединяясь со старым другом и молодым стрелком, но кровавая развязка ставит под сомнение его прошлое.
Карты;100;Триллер;7.6;США;Зодиак;Семь;Бэтмен: Начало;1999;Вестерн;Драма;;Трейлер;https://th.bing.com/th/id/OIP.kK-nrlBPOcUtd0zfk_w25gHaEK?rs=1&pid=ImgDetMain;https://www.youtube.com/watch?v=RZlICdaw0nQ;Криминал, Комедия
Казино;143;Драма;7.2;США;Анна Каренина;Легенда о пианисте;Гордость и предубеждение;1995;Криминал; Драма;;Трейлер;https://avatars.mds.yandex.net/get-kinopoisk-image/4486362/b3eb693c-85e9-4b34-bf35-4601ac17b94f/3840x;https://www.youtube.com/watch?v=rARN6agiW7o;В 1970-х годах тихий профи Сэм Ротстин управляет крупным казино в Лас-Вегасе для мафии, но жадность, любовь и друг-гангстер Никки вносят хаос в его жизнь.
Охотник на оленей;129;Драма;6.6;Великобритания;Великий Гэтсби;Война и мир;Гордость и предубеждение;1978;Драма; Военный;;Трейлер;https://th.bing.com/th/id/OIP.aakbRcWl7h-1fAa9LJHRMgHaLH?rs=1&pid=ImgDetMain;https://www.youtube.com/watch?v=rPGLRO3fZnQ;Трое друзей из рабочего городка проходят через Ужасы войны во Вьетнаме и возвращаются домой, навсегда изменённые опытом плена и русской рулетки.
Андрей Рублёв;208;История;8.2;КСРО;Анна Каренина;Великий Гэтсби;Гордость и предубеждение;1966;Драма; История;;Трейлер;https://th.bing.com/th/id/OIP.C4xzkVQ_r-hu_oMChQeF5wHaKO?rs=1&pid=ImgDetMain;https://www.youtube.com/watch?v=example13;Поэтичная История о жизни и испытаниях великого русского иконописца Андрея Рублёва на фоне смуты и насилия на Руси XV века.
Иди и смотри;165;Драма;8.0;Италия;Форрест Гамп;Великий Гэтсби;Форрест Гамп;1985;Военный; Драма;;Трейлер;https://image.tmdb.org/t/p/original/otXieHBZt25z8Ef7C1ZeG4c8lFO.jpg;https://www.youtube.com/watch?v=example14;Белорусский подросток становится партизаном во время Великой Отечественной войны и становится свидетелем невыразимых зверств нацистов, теряя невинность и веру.
Телесеть;144;Триллер;7.0;США;Железный человек;Мстители;Тихоокеанский рубеж;1976;Драма;;;Трейлер;https://avatars.mds.yandex.net/get-kinopoisk-image/1600647/4c0e2643-6413-49b4-a503-aad5bc79b017/3840x;https://www.youtube.com/watch?v=dxQxgAfNzyE;Телеведущий национального канала, объявивший о самоубийстве в прямом эфире, становится медийной сенсацией, а телевизионная сеть цинично эксплуатирует его нестабильность ради рейтингов.
V — значит вендетта;115;Приключения;8.4;США;Мумия;Лара Крофт;Сокровище нации;2005;Боевик; Фантастика;;Трейлер;https://th.bing.com/th/id/OIP.ocXiZgbgVHzcfVZ5AO4MzAHaKy?rs=1&pid=ImgDetMain;https://www.youtube.com/watch?v=XkkzKHCx154;В антиутопической Британии таинственный борец за свободу по прозвищу V ведёт народ к восстанию против тоталитарного режима, обретая союзницу в лице молодой девушки Иви.
Человек-слон;124;Приключения;7.0;США;Индиана Джонс;Лара Крофт;Сокровище нации;1980;Драма; Биография;;Трейлер;https://avatars.mds.yandex.net/get-kinopoisk-image/1629390/b0fb81fd-2ad0-44b1-b045-7222f86a82b8/1920x;https://www.youtube.com/watch?v=example17;Викторианский хирург открывает миру Джона Меррика — человека с ужасными уродствами, и помогает ему обрести человеческое достоинство, несмотря на предрассудки общества.
Парк юрского периода;100;Триллер;5.8;США;Мумия;Индиана Джонс;Сокровище нации;1993;Фантастика; Приключения;;Трейлер;https://image.tmdb.org/t/p/original/9i3plLl89DHMz7mahksDaAo7HIS.jpg;https://www.youtube.com/watch?v=example18;Экцентричный миллиардер создаёт парк развлечений с клонированными динозаврами, но когда системы безопасности падают, посетители оказываются в смертельной опасности.
Мост через реку Квай;178;Фантастика;8.8;Зеландия;Властелин колец: Две крепости;Хоббит;Эрагон;1957;Военный; Драма;;Трейлер;https://ru-images-s.kinorium.com/movie/300/47347.jpg?1587935524;https://www.youtube.com/watch?v=aStYWD25fAQ;Военнопленные британцы под руководством полковника Николсона строят мост для японцев в Бирме, в то время как союзники планируют его разрушить — противостояние чести и долга.
Сокровища Сьерра Мадре;179;Фантастика;8.7;Зеландия;Властелин колец: Братство кольца;Хоббит;Эрагон;1948;Приключения; Драма;;Трейлер;https://www.kinonews.ru/insimgs/poster/poster18622_2.jpg;https://www.youtube.com/watch?v=LbfMDwc4azU;Трое бедняков отправляются в горы Мексики на поиски золота. Разбогатев, они начинают сходить с ума от жадности и подозрений друг к другу.
Секреты Лос-Анджелеса;169;Фантастика;7.8;Зеландия;Властелин колец: Две крепости;Нарния;Игры престолов;1997;Криминал; Детектив; Драма;Трейлер;https://www.themoviedb.org/t/p/w1280/aT0iqN5dwXtyGcNnWk211Ig8jvW.jpg;https://www.youtube.com/watch?v=SDnYMbYB-nU;1950-е: трое очень разных полицейских расследуют убийство в голливудском кафе, постепенно раскрывая глубокую паутину коррупции и скандалов в Лос-Анджелесе.
